{"nrms": 0.03624641430821567, "npeak": 0.051271677017211914, "nfullscale": 0.35334730853507024, "log_unit": "dBFS", "impedance": 600.0, "log_unit_adjust": 30.0, "log_0dB_adjust": 21.997222243202767}